Unnamed: 0,Unnamed: 1,Unnamed: 2,Unnamed: 3,4,5,6,Unnamed: 7,Unnamed: 8,Unnamed: 9,Unnamed: 10,Unnamed: 11,10,11,12,Unnamed: 15,Unnamed: 16,Unnamed: 17,Unnamed: 18,Unnamed: 19,18,19,20,Unnamed: 23,21,Unnamed: 25,16,17,Unnamed: 28
,Title:,"A&E Attendances & Emergency Admission monthly statistics, NHS and independent sector organisations in England",,7,8,9,,,,,,13,14,15,,,,,,,,,,,,,,
,,,,,,,,,,,,,,,,,,,,,,,,,,,,
,Summary:,"A&E attendances, performance and emergency admissions",,,,,,,,,,,,,,,,,,,,,,,,,,
,,,,,,,,,,,,,,,,,,,,,,,,,,,,
,Period:,July 2021,,,,,,,,,,,,,,,,,,,,,,,,,,
,Source:,SDCS data collection - MSitAE,,,,,,,,,,,,,,,,,,,,,,,,,,
,Basis:,Provider,,,,,,,,,,,,,,,,,,,,,,,,,,
,Published:,12th August 2021,,,,,,,,,,,,,,,,,,,,,,,,,,
,Revised:,12th May 2022,,,,,,,,,,,,,,,,,,,,,,,,,,
,Status:,Published,,,,,,,,,,,,,,,,,,,,,,,,,,
,Contact:,Chris Evison - England.nhsdata@nhs.net,,,,,,,,,,,,,,,,,,,,,,,,,,
,,,,,,,,,,,,,,,,,,,,,,,,,,,,
,Provider Level Data,,,,,,,,,,,,,,,,,,,,,,,,,,,
,,,,A&E attendances,,,,"A&E attendances less than 4 hours from arrival to admission, transfer or discharge",,,,"A&E attendances greater than 4 hours from arrival to admission, transfer or discharge",,,,Percentage of attendances within 4 hours,,,,Emergency Admissions,,,,,,,,
,Code,Region,Name,Type 1 Departments - Major A&E,Type 2 Departments - Single Specialty,Type 3 Departments - Other A&E/Minor Injury Unit,Total attendances,Type 1 Departments - Major A&E,Type 2 Departments - Single Specialty,Type 3 Departments - Other A&E/Minor Injury Unit,Total Attendances < 4 hours,Type 1 Departments - Major A&E,Type 2 Departments - Single Specialty,Type 3 Departments - Other A&E/Minor Injury Unit,Total Attendances > 4 hours,Percentage in 4 hours or less (all),Percentage in 4 hours or less (type 1),Percentage in 4 hours or less (type 2),Percentage in 4 hours or less (type 3),Emergency Admissions via Type 1 A&E,Emergency Admissions via Type 2 A&E,Emergency Admissions via Type 3 and 4 A&E,Total Emergency Admissions via A&E,Other Emergency admissions (i.e not via A&E),Total Emergency Admissions,Number of patients spending >4 hours from decision to admit to admission,Number of patients spending >12 hours from decision to admit to admission,
,-,-,England,1430733,39313,690082,2160128,846949,31365,614804,1493118,405163,853,21987,428003,0.7772118466249653,0.6764163269739448,0.9735241169532559,0.9654721878921028,402085,1323,7160,410568,122144,532712,89762,2208,
,,,,,,,,,,,,,,,,,,,,,,,,,,,,
,RC9,NHS England East Of England ,Bedfordshire Hospitals NHS Foundation Trust,16384,0,5577,21961,-,-,-,-,-,-,-,-,-,-,-,-,4858,0,1720,6578,0,6578,0,0,"Bedfordshire, Luton and Milton Keynes STP"
,RGT,NHS England East Of England ,Cambridge University Hospitals NHS Foundation Trust,9616,0,5636,15252,-,-,-,-,-,-,-,-,-,-,-,-,2627,0,33,2660,536,3196,1215,132,Cambridgeshire and Peterborough STP
,NQ108,NHS England East Of England ,Clacton Hospital,0,0,2702,2702,0,0,2700,2700,0,0,2,2,0.999259807549963,-,-,0.999259807549963,0,0,0,0,0,0,2,0,Suffolk and North East Essex STP
,RWH,NHS England East Of England ,East And North Hertfordshire NHS Trust,9665,0,5968,15633,5733,0,5960,11693,3932,0,8,3940,0.747969039851596,0.5931712364200724,-,0.9986595174262735,2859,0,0,2859,316,3175,273,2,Hertfordshire and West Essex STP
,RDE,NHS England East Of England ,East Suffolk And North Essex NHS Foundation Trust,15527,0,5679,21206,11871,0,5605,17476,3656,0,74,3730,0.8241063849853815,0.7645391897984156,-,0.9869695368902975,4861,0,232,5093,1500,6593,262,1,Suffolk and North East Essex STP
,NQ106,NHS England East Of England ,Fryatt Hospital,0,0,621,621,0,0,614,614,0,0,7,7,0.9887278582930756,-,-,0.9887278582930756,0,0,0,0,0,0,7,6,Suffolk and North East Essex STP
,RY4,NHS England East Of England ,Hertfordshire Community NHS Trust,0,0,815,815,0,0,791,791,0,0,24,24,0.9705521472392638,-,-,0.9705521472392638,0,0,0,0,0,0,0,0,Hertfordshire and West Essex STP
,DT301,NHS England East Of England ,Herts Urgent Care (Ascots Lane),0,0,1969,1969,0,0,1954,1954,0,0,15,15,0.9923819197562215,-,-,0.9923819197562215,0,0,0,0,0,0,0,0,Hertfordshire and West Essex STP
,RGP,NHS England East Of England ,James Paget University Hospitals NHS Foundation Trust,7792,0,35,7827,5455,0,17,5472,2337,0,18,2355,0.6991184361824454,0.7000770020533881,-,0.4857142857142857,1659,0,0,1659,424,2083,383,16,Norfolk and Waveney Health & Care Partnership (STP)
,RAJ,NHS England East Of England ,Mid And South Essex NHS Foundation Trust,31017,0,2575,33592,25673,0,2491,28164,5344,0,84,5428,0.8384139080733508,0.8277073862720443,-,0.967378640776699,9415,0,378,9793,1379,11172,663,0,Mid and South Essex STP
,RD8,NHS England East Of England ,Milton Keynes University Hospital NHS Foundation Trust,8960,0,5361,14321,6929,0,5295,12224,2031,0,66,2097,0.8535716779554501,0.7733258928571428,-,0.9876888640179071,1778,0,0,1778,511,2289,185,0,"Bedfordshire, Luton and Milton Keynes STP"
,RM1,NHS England East Of England ,Norfolk And Norwich University Hospitals NHS Foundation Trust,11581,0,7399,18980,5712,0,7396,13108,5869,0,3,5872,0.6906217070600632,0.49322165616095326,-,0.999594539802676,2604,0,0,2604,1315,3919,1141,9,Norfolk and Waveney Health & Care Partnership (STP)
,RGN,NHS England East Of England ,North West Anglia NHS Foundation Trust,11973,0,5220,17193,6338,0,4538,10876,5635,0,682,6317,0.632583027976502,0.5293577215401319,-,0.8693486590038314,3536,0,89,3625,1422,5047,694,13,Cambridgeshire and Peterborough STP
,Y02428,NHS England East Of England ,Putnoe Medical Centre Walk In Centre,0,0,1236,1236,0,0,1236,1236,0,0,0,0,1,-,-,1,0,0,0,0,0,0,0,0,"Bedfordshire, Luton and Milton Keynes STP"
,RQW,NHS England East Of England ,The Princess Alexandra Hospital NHS Trust,10395,0,0,10395,7276,0,0,7276,3119,0,0,3119,0.6999518999519,0.6999518999519,-,-,2228,0,0,2228,808,3036,524,29,Hertfordshire and West Essex STP
,RCX,NHS England East Of England ,"The Queen Elizabeth Hospital, King's Lynn, NHS Foundation Trust",7242,0,0,7242,5303,0,0,5303,1939,0,0,1939,0.732256282794808,0.732256282794808,-,-,2663,0,0,2663,539,3202,604,2,Norfolk and Waveney Health & Care Partnership (STP)
,RWG,NHS England East Of England ,West Hertfordshire Hospitals NHS Trust,7565,0,7660,15225,4013,0,7237,11250,3552,0,423,3975,0.7389162561576355,0.5304692663582287,-,0.9447780678851175,3531,0,0,3531,752,4283,731,0,Hertfordshire and West Essex STP
,RGR,NHS England East Of England ,West Suffolk NHS Foundation Trust,7458,0,390,7848,-,-,-,-,-,-,-,-,-,-,-,-,1851,0,0,1851,447,2298,293,3,Suffolk and North East Essex STP
,RF4,NHS England London,"Barking, Havering And Redbridge University Hospitals NHS Trust",14020,1860,12085,27965,5493,1578,11031,18102,8527,282,1054,9863,0.6473091364205257,0.39179743223965763,0.8483870967741935,0.9127844435250311,4422,0,0,4422,694,5116,301,137,East London Health & Care Partnership (STP)
,R1H,NHS England London,Barts Health NHS Trust,23427,878,18249,42554,17048,876,17456,35380,6379,2,793,7174,0.8314142031301405,0.7277073462244419,0.9977220956719818,0.9565455641405008,7757,0,0,7757,1860,9617,2277,8,East London Health & Care Partnership (STP)
,AD913,NHS England London,Beckenham Beacon Ucc,0,0,4198,4198,0,0,4127,4127,0,0,71,71,0.9830871843735112,-,-,0.9830871843735112,0,0,0,0,0,0,0,0,Our Healthier South East London STP
,RYX,NHS England London,Central London Community Healthcare NHS Trust,0,0,3656,3656,0,0,3650,3650,0,0,6,6,0.9983588621444202,-,-,0.9983588621444202,0,0,0,0,0,0,0,0,North West London Health & Care Partnership (STP)
,RQM,NHS England London,Chelsea And Westminster Hospital NHS Foundation Trust,18737,0,9986,28723,-,-,-,-,-,-,-,-,-,-,-,-,2538,0,0,2538,394,2932,316,3,North West London Health & Care Partnership (STP)
,RJ6,NHS England London,Croydon Health Services NHS Trust,12600,0,6833,19433,9118,0,6833,15951,3482,0,0,3482,0.8208202542067617,0.7236507936507937,-,1,1631,0,0,1631,292,1923,808,25,South West London Health & Care Partnership (STP)
,RVR,NHS England London,Epsom And St Helier University Hospitals NHS Trust,14457,273,294,15024,12449,273,294,13016,2008,0,0,2008,0.8663471778487752,0.8611053468907796,1,1,2114,8,0,2122,117,2239,755,23,South West London Health & Care Partnership (STP)
,RJ1,NHS England London,Guy's And St Thomas' NHS Foundation Trust,12817,772,3889,17478,9595,772,3880,14247,3222,0,9,3231,0.8151390319258497,0.7486151205430288,1,0.9976857804062741,3719,0,0,3719,949,4668,102,25,Our Healthier South East London STP
,RQX,NHS England London,Homerton University Hospital NHS Foundation Trust,10384,0,0,10384,9091,0,0,9091,1293,0,0,1293,0.8754815100154083,0.8754815100154083,-,-,1616,0,0,1616,185,1801,117,1,East London Health & Care Partnership (STP)
,RY9,NHS England London,Hounslow And Richmond Community Healthcare NHS Trust,0,0,4256,4256,0,0,4255,4255,0,0,1,1,0.9997650375939849,-,-,0.9997650375939849,0,0,0,0,0,0,0,0,South West London Health & Care Partnership (STP)
,RYJ,NHS England London,Imperial College Healthcare NHS Trust,11654,3573,7947,23174,-,-,-,-,-,-,-,-,-,-,-,-,2909,1,0,2910,1065,3975,956,15,North West London Health & Care Partnership (STP)
,RJZ,NHS England London,King's College Hospital NHS Foundation Trust,14694,0,10334,25028,8615,0,8380,16995,6079,0,1954,8033,0.6790394757871184,0.5862937253300667,-,0.8109154248113025,4101,0,0,4101,561,4662,1715,95,Our Healthier South East London STP
,RAX,NHS England London,Kingston Hospital NHS Foundation Trust,7470,0,3084,10554,5508,0,3031,8539,1962,0,53,2015,0.8090771271555808,0.7373493975903614,-,0.9828145265888456,2767,0,266,3033,483,3516,229,0,South West London Health & Care Partnership (STP)
,RJ2,NHS England London,Lewisham And Greenwich NHS Trust,13814,0,11540,25354,10698,0,10709,21407,3116,0,831,3947,0.8443243669637926,0.7744317359200811,-,0.9279896013864818,4672,0,0,4672,845,5517,448,39,Our Healthier South East London STP
,R1K,NHS England London,London North West University Healthcare NHS Trust,12523,0,17836,30359,9202,0,16068,25270,3321,0,1768,5089,0.8323726077934056,0.734807953365807,-,0.9008746355685131,6405,0,0,6405,1600,8005,792,13,North West London Health & Care Partnership (STP)
,RP6,NHS England London,Moorfields Eye Hospital NHS Foundation Trust,0,4950,0,4950,0,4948,0,4948,0,2,0,2,0.9995959595959596,-,0.9995959595959596,-,0,19,0,19,153,172,2,0,North London Partners In Health & Care (STP)
,RAT,NHS England London,North East London NHS Foundation Trust,0,0,2588,2588,0,0,2475,2475,0,0,113,113,0.9563369397217929,-,-,0.9563369397217929,0,0,0,0,0,0,0,0,East London Health & Care Partnership (STP)
,RAP,NHS England London,North Middlesex University Hospital NHS Trust,11359,438,6036,17833,7991,430,5663,14084,3368,8,373,3749,0.7897717714349801,0.703495025970596,0.9817351598173516,0.9382041086812458,2106,0,0,2106,328,2434,1046,26,North London Partners In Health & Care (STP)
,RAL,NHS England London,Royal Free London NHS Foundation Trust,22492,0,4173,26665,16860,0,4171,21031,5632,0,2,5634,0.7887117944871554,0.7495998577271918,-,0.9995207284926911,4199,0,0,4199,413,4612,624,26,North London Partners In Health & Care (STP)
,RAN,NHS England London,Royal National Orthopaedic Hospital NHS Trust,0,0,0,0,0,0,0,0,0,0,0,0,-,-,-,-,0,0,0,0,21,21,0,0,North London Partners In Health & Care (STP)
,RJ7,NHS England London,St George's University Hospitals NHS Foundation Trust,11984,0,1260,13244,10684,0,1260,11944,1300,0,0,1300,0.9018423437028088,0.8915220293724967,-,1,2937,0,0,2937,875,3812,249,4,South West London Health & Care Partnership (STP)
,RAS,NHS England London,The Hillingdon Hospitals NHS Foundation Trust,5800,0,6757,12557,3157,0,5952,9109,2643,0,805,3448,0.7254121207294736,0.5443103448275862,-,0.8808642888856001,1716,0,0,1716,478,2194,682,4,North West London Health & Care Partnership (STP)
,Y03218,NHS England London,The Pinn Unregistered Wic,0,0,3047,3047,0,0,3047,3047,0,0,0,0,1,-,-,1,0,0,0,0,0,0,0,0,North West London Health & Care Partnership (STP)
,RRV,NHS England London,University College London Hospitals NHS Foundation Trust,11927,0,0,11927,10451,0,0,10451,1476,0,0,1476,0.8762471702859059,0.8762471702859059,-,-,1542,0,0,1542,372,1914,419,1,North London Partners In Health & Care (STP)
,Y02147,NHS England London,Urgent Care Centre (Qms),0,0,7974,7974,0,0,7684,7684,0,0,290,290,0.963631803360923,-,-,0.963631803360923,0,0,0,0,0,0,0,0,Our Healthier South East London STP
,RKE,NHS England London,Whittington Health NHS Trust,9354,0,0,9354,7527,0,0,7527,1827,0,0,1827,0.8046824887748557,0.8046824887748557,-,-,1322,0,0,1322,62,1384,321,0,North London Partners In Health & Care (STP)
,NL7,NHS England Midlands ,Assura Vertis Urgent Care Centres (Birmingham),0,0,3444,3444,0,0,3444,3444,0,0,0,0,1,-,-,1,0,0,0,0,0,0,0,0,Birmingham and Solihull STP
,8J094,NHS England Midlands ,Badger Ltd,0,0,1356,1356,0,0,1356,1356,0,0,0,0,1,-,-,1,0,0,0,0,0,0,0,0,Birmingham and Solihull STP
,M85813,NHS England Midlands ,Birmingham Wic,0,0,1099,1099,0,0,1099,1099,0,0,0,0,1,-,-,1,0,0,0,0,0,0,0,0,Birmingham and Solihull STP
,RQ3,NHS England Midlands ,Birmingham Women's And Children's NHS Foundation Trust,5594,0,0,5594,4095,0,0,4095,1499,0,0,1499,0.7320343224883804,0.7320343224883804,-,-,916,0,0,916,181,1097,0,0,Birmingham and Solihull STP
,RFS,NHS England Midlands ,Chesterfield Royal Hospital NHS Foundation Trust,6188,0,2512,8700,5347,0,2500,7847,841,0,12,853,0.9019540229885058,0.8640917905623788,-,0.9952229299363057,2627,0,0,2627,587,3214,200,7,Joined Up Care Derbyshire STP
,Y03571,NHS England Midlands ,Corby Urgent Care Centre,0,0,7173,7173,0,0,7158,7158,0,0,15,15,0.9979088247595148,-,-,0.9979088247595148,0,0,0,0,0,0,0,0,Northamptonshire STP
,RYG,NHS England Midlands ,Coventry And Warwickshire Partnership NHS Trust,0,0,0,0,0,0,0,0,0,0,0,0,-,-,-,-,0,0,9,9,71,80,0,0,Coventry and Warwickshire STP
,RY8,NHS England Midlands ,Derbyshire Community Health Services NHS Foundation Trust,0,0,8131,8131,0,0,8128,8128,0,0,3,3,0.9996310416922888,-,-,0.9996310416922888,0,0,0,0,0,0,0,0,Joined Up Care Derbyshire STP
,NNJ,NHS England Midlands ,Dhu Health Care C.I.C,0,0,1242,1242,0,0,1242,1242,0,0,0,0,1,-,-,1,0,0,0,0,0,0,0,0,Joined Up Care Derbyshire STP
,Y03007,NHS England Midlands ,Erdington GP Health & Wellbeing Wic,0,0,2258,2258,0,0,2258,2258,0,0,0,0,1,-,-,1,0,0,0,0,0,0,0,0,Birmingham and Solihull STP
,RLT,NHS England Midlands ,George Eliot Hospital NHS Trust,6081,0,2115,8196,5105,0,2110,7215,976,0,5,981,0.8803074670571011,0.8395000822233185,-,0.9976359338061466,1521,0,0,1521,245,1766,243,0,Coventry and Warwickshire STP
,RNQ,NHS England Midlands ,Kettering General Hospital NHS Foundation Trust,9177,0,0,9177,-,-,-,-,-,-,-,-,-,-,-,-,2334,0,0,2334,472,2806,831,0,Northamptonshire STP
,C82038,NHS England Midlands ,Latham House Medical Practice,0,0,365,365,0,0,365,365,0,0,0,0,1,-,-,1,0,0,0,0,0,0,0,0,"Leicester, Leicestershire and Rutland STP"
,RY5,NHS England Midlands ,Lincolnshire Community Health Services NHS Trust,0,0,7451,7451,0,0,7197,7197,0,0,254,254,0.9659106160246946,-,-,0.9659106160246946,0,0,6,6,3,9,0,0,Lincolnshire STP
,NNJ0H,NHS England Midlands ,Llr Ea - The Merlyn Vaz Health & Social Care Centre,0,0,1570,1570,0,0,1570,1570,0,0,0,0,1,-,-,1,0,0,0,0,0,0,0,0,"Leicester, Leicestershire and Rutland STP"
,NJS05,NHS England Midlands ,Loughborough Urgent Care Centre,0,0,4392,4392,0,0,4102,4102,0,0,290,290,0.9339708561020036,-,-,0.9339708561020036,0,0,0,0,0,0,0,0,"Leicester, Leicestershire and Rutland STP"
,NNJ12,NHS England Midlands ,Market Harborough,0,0,172,172,0,0,172,172,0,0,0,0,1,-,-,1,0,0,0,0,0,0,0,0,"Leicester, Leicestershire and Rutland STP"
,C82009,NHS England Midlands ,Market Harborough Med.Ctr,0,0,368,368,0,0,368,368,0,0,0,0,1,-,-,1,0,0,0,0,0,0,0,0,"Leicester, Leicestershire and Rutland STP"
,NNJ13,NHS England Midlands ,Melton Mowbray,0,0,314,314,0,0,314,314,0,0,0,0,1,-,-,1,0,0,0,0,0,0,0,0,"Leicester, Leicestershire and Rutland STP"
,RNS,NHS England Midlands ,Northampton General Hospital NHS Trust,9429,667,1839,11935,6881,667,1839,9387,2548,0,0,2548,0.7865102639296188,0.7297698589458055,1,1,2258,0,0,2258,1501,3759,402,0,Northamptonshire STP
,NR3,NHS England Midlands ,Nottingham Citycare Partnership,0,0,4882,4882,0,0,4688,4688,0,0,194,194,0.9602621876280213,-,-,0.9602621876280213,0,0,0,0,0,0,0,0,Nottingham and Nottinghamshire Health and Care STP
,RX1,NHS England Midlands ,Nottingham University Hospitals NHS Trust,16828,1597,210,18635,-,-,-,-,-,-,-,-,-,-,-,-,5138,0,0,5138,2913,8051,979,74,Nottingham and Nottinghamshire Health and Care STP
,NNJ14,NHS England Midlands ,Oadby,0,0,1437,1437,0,0,1437,1437,0,0,0,0,1,-,-,1,0,0,0,0,0,0,0,0,"Leicester, Leicestershire and Rutland STP"
,NNJ15,NHS England Midlands ,Oakham,0,0,262,262,0,0,262,262,0,0,0,0,1,-,-,1,0,0,0,0,0,0,0,0,"Leicester, Leicestershire and Rutland STP"
,C82010,NHS England Midlands ,Oakham Medical Practice,0,0,244,244,0,0,244,244,0,0,0,0,1,-,-,1,0,0,0,0,0,0,0,0,"Leicester, Leicestershire and Rutland STP"
,RXK,NHS England Midlands ,Sandwell And West Birmingham Hospitals NHS Trust,15285,1062,7143,23490,9762,895,7108,17765,5523,167,35,5725,0.7562792677735206,0.6386653581943081,0.8427495291902072,0.99510009799804,3133,0,0,3133,441,3574,964,0,The Black Country and West Birmingham STP
,RK5,NHS England Midlands ,Sherwood Forest Hospitals NHS Foundation Trust,10101,0,4956,15057,8317,0,4664,12981,1784,0,292,2076,0.8621239290695357,0.8233838233838234,-,0.9410815173527038,3369,0,14,3383,447,3830,263,0,Nottingham and Nottinghamshire Health and Care STP
,R1D,NHS England Midlands ,Shropshire Community Health NHS Trust,0,0,3048,3048,0,0,3046,3046,0,0,2,2,0.9993438320209974,-,-,0.9993438320209974,0,0,0,0,7,7,0,0,Shropshire and Telford and Wrekin STP
,C83023,NHS England Midlands ,Sleaford Medical Group,0,0,504,504,0,0,504,504,0,0,0,0,1,-,-,1,0,0,0,0,4,4,0,0,Lincolnshire STP
,Y02615,NHS England Midlands ,South Birmingham GP Walk In Centre,0,0,6614,6614,0,0,6614,6614,0,0,0,0,1,-,-,1,0,0,0,0,0,0,0,0,Birmingham and Solihull STP
,RJC,NHS England Midlands ,South Warwickshire NHS Foundation Trust,7261,0,0,7261,5815,0,0,5815,1446,0,0,1446,0.8008538768764633,0.8008538768764633,-,-,1885,0,0,1885,674,2559,85,0,Coventry and Warwickshire STP
,NQTE4,NHS England Midlands ,Summerfield Urgent Care Centre,0,0,2993,2993,0,0,2993,2993,0,0,0,0,1,-,-,1,0,0,0,0,0,0,0,0,The Black Country and West Birmingham STP
,RNA,NHS England Midlands ,The Dudley Group NHS Foundation Trust,9981,0,7243,17224,6980,0,6670,13650,3001,0,573,3574,0.7924988388295402,0.6993287245766957,-,0.9208891343366008,2359,0,0,2359,868,3227,1566,54,The Black Country and West Birmingham STP
,RL1,NHS England Midlands ,The Robert Jones And Agnes Hunt Orthopaedic Hospital NHS Foundation Trust,0,0,0,0,0,0,0,0,0,0,0,0,-,-,-,-,0,0,0,0,18,18,0,0,Shropshire and Telford and Wrekin STP
,RL4,NHS England Midlands ,The Royal Wolverhampton NHS Trust,14020,0,7107,21127,10130,0,7033,17163,3890,0,74,3964,0.8123727931083448,0.7225392296718973,-,0.9895877304066414,5112,0,0,5112,749,5861,646,1,The Black Country and West Birmingham STP
,RXW,NHS England Midlands ,The Shrewsbury And Telford Hospital NHS Trust,11403,0,2064,13467,6429,0,1972,8401,4974,0,92,5066,0.623821192544739,0.5637990002630887,-,0.9554263565891473,2865,0,60,2925,1908,4833,1705,97,Shropshire and Telford and Wrekin STP
,RWD,NHS England Midlands ,United Lincolnshire Hospitals NHS Trust,12215,0,6360,18575,6500,0,5560,12060,5715,0,800,6515,0.6492597577388963,0.5321326238231683,-,0.8742138364779874,3817,0,0,3817,996,4813,1783,9,Lincolnshire STP
,RRK,NHS England Midlands ,University Hospitals Birmingham NHS Foundation Trust,34687,0,416,35103,19315,0,416,19731,15372,0,0,15372,0.5620887103666353,0.5568368553060224,-,1,10973,0,0,10973,3659,14632,4742,25,Birmingham and Solihull STP
,RKB,NHS England Midlands ,University Hospitals Coventry And Warwickshire NHS Trust,11344,1489,6347,19180,6502,1473,6276,14251,4842,16,71,4929,0.7430135557872785,0.5731664315937941,0.9892545332437878,0.9888136127304238,3031,95,15,3141,2416,5557,968,0,Coventry and Warwickshire STP
,RTG,NHS England Midlands ,University Hospitals Of Derby And Burton NHS Foundation Trust,15881,0,14188,30069,7857,0,13191,21048,8024,0,997,9021,0.6999900229472213,0.4947421447012153,-,0.9297293487454187,4596,0,195,4791,1788,6579,799,20,Joined Up Care Derbyshire STP
,RWE,NHS England Midlands ,University Hospitals Of Leicester NHS Trust,20982,1656,0,22638,12638,1592,0,14230,8344,64,0,8408,0.628589097976853,0.6023258030692975,0.961352657004831,-,4707,2,0,4709,2949,7658,1842,84,"Leicester, Leicestershire and Rutland STP"
,RJE,NHS England Midlands ,University Hospitals Of North Midlands NHS Trust,15340,376,7628,23344,7983,376,7381,15740,7357,0,247,7604,0.6742631939684716,0.5204041720990874,1,0.9676192973256423,5698,0,0,5698,1934,7632,1653,15,Staffordshire and Stoke On Trent STP
,RBK,NHS England Midlands ,Walsall Healthcare NHS Trust,7925,0,4185,12110,6151,0,4138,10289,1774,0,47,1821,0.8496284062758052,0.7761514195583596,-,0.9887694145758662,2780,0,0,2780,764,3544,504,3,The Black Country and West Birmingham STP
,RWP,NHS England Midlands ,Worcestershire Acute Hospitals NHS Trust,12988,0,5654,18642,7996,0,5652,13648,4992,0,2,4994,0.7321102885956442,0.6156452109639667,-,0.9996462681287585,3510,0,0,3510,1181,4691,1113,30,Herefordshire and Worcestershire STP
,RLQ,NHS England Midlands ,Wye Valley NHS Trust,6180,0,0,6180,4347,0,0,4347,1833,0,0,1833,0.7033980582524272,0.7033980582524272,-,-,1474,0,0,1474,345,1819,268,24,Herefordshire and Worcestershire STP
,RCF,NHS England North East And Yorkshire ,Airedale NHS Foundation Trust,6546,22,327,6895,4620,22,327,4969,1926,0,0,1926,0.7206671501087745,0.7057745187901008,1,1,1634,0,0,1634,556,2190,0,0,West Yorkshire (Health & Care Partnership) STP
,RFF,NHS England North East And Yorkshire ,Barnsley Hospital NHS Foundation Trust,8788,0,0,8788,5608,0,0,5608,3180,0,0,3180,0.6381429221665909,0.6381429221665909,-,-,2472,0,0,2472,431,2903,283,0,South Yorkshire and Bassetlaw STP
,RAE,NHS England North East And Yorkshire ,Bradford Teaching Hospitals NHS Foundation Trust,13379,0,0,13379,10175,0,0,10175,3204,0,0,3204,0.7605202182524853,0.7605202182524853,-,-,2624,0,0,2624,1371,3995,733,0,West Yorkshire (Health & Care Partnership) STP
,NNF09,NHS England North East And Yorkshire ,Bransholme Health Centre,0,0,3523,3523,0,0,3329,3329,0,0,194,194,0.944933295486801,-,-,0.944933295486801,0,0,0,0,0,0,0,0,"Humber, Coast and Vale STP"
,RWY,NHS England North East And Yorkshire ,Calderdale And Huddersfield NHS Foundation Trust,15564,0,0,15564,12232,0,0,12232,3332,0,0,3332,0.7859162169108198,0.7859162169108198,-,-,3137,0,0,3137,1008,4145,592,3,West Yorkshire (Health & Care Partnership) STP
,RXP,NHS England North East And Yorkshire ,County Durham And Darlington NHS Foundation Trust,12663,0,6482,19145,7762,0,6482,14244,4901,0,0,4901,0.7440062679550796,0.6129669114743742,-,1,5199,0,0,5199,917,6116,1399,2,Cumbria and North East STP
,RP5,NHS England North East And Yorkshire ,Doncaster And Bassetlaw Teaching Hospitals NHS Foundation Trust,13294,0,4238,17532,8653,0,4238,12891,4641,0,0,4641,0.7352840520191649,0.6508951406649617,-,1,3064,0,530,3594,710,4304,1042,1,South Yorkshire and Bassetlaw STP
,NNF94,NHS England North East And Yorkshire ,East Riding Community Hospital,0,0,2713,2713,0,0,2610,2610,0,0,103,103,0.9620346479911537,-,-,0.9620346479911537,0,0,0,0,0,0,0,0,"Humber, Coast and Vale STP"
,RR7,NHS England North East And Yorkshire ,Gateshead Health NHS Foundation Trust,5555,0,2560,8115,3987,0,2539,6526,1568,0,21,1589,0.8041897720271103,0.7177317731773177,-,0.991796875,1785,0,0,1785,258,2043,618,2,Cumbria and North East STP
,NNFA7,NHS England North East And Yorkshire ,Goole & District Hospital,0,0,1409,1409,0,0,1392,1392,0,0,17,17,0.9879347054648687,-,-,0.9879347054648687,0,0,0,0,0,0,0,0,"Humber, Coast and Vale STP"
,RCD,NHS England North East And Yorkshire ,Harrogate And District NHS Foundation Trust,5390,0,837,6227,4124,0,837,4961,1266,0,0,1266,0.7966918259193834,0.7651205936920222,-,1,1230,0,0,1230,404,1634,12,0,"Humber, Coast and Vale STP"
,RWA,NHS England North East And Yorkshire ,Hull University Teaching Hospitals NHS Trust,11734,0,0,11734,7372,0,0,7372,4362,0,0,4362,0.6282597579682972,0.6282597579682972,-,-,2729,0,0,2729,1252,3981,1027,0,"Humber, Coast and Vale STP"
,RV9,NHS England North East And Yorkshire ,Humber Teaching NHS Foundation Trust,0,0,783,783,0,0,783,783,0,0,0,0,1,-,-,1,0,0,0,0,0,0,0,0,"Humber, Coast and Vale STP"
,RR8,NHS England North East And Yorkshire ,Leeds Teaching Hospitals NHS Trust,19812,0,10203,30015,10984,0,10203,21187,8828,0,0,8828,0.705880393136765,0.5544114677972946,-,1,4268,0,0,4268,1109,5377,1611,0,West Yorkshire (Health & Care Partnership) STP
,ARN03,NHS England North East And Yorkshire ,Local Care Direct,0,0,1744,1744,0,0,1744,1744,0,0,0,0,1,-,-,1,0,0,0,0,0,0,0,0,West Yorkshire (Health & Care Partnership) STP
,RXF,NHS England North East And Yorkshire ,Mid Yorkshire Hospitals NHS Trust,19836,0,4744,24580,-,-,-,-,-,-,-,-,-,-,-,-,3921,0,138,4059,720,4779,2554,1,West Yorkshire (Health & Care Partnership) STP
,RNN,NHS England North East And Yorkshire ,North Cumbria Integrated Care NHS Foundation Trust,9027,0,2143,11170,6377,0,2138,8515,2650,0,5,2655,0.7623097582811101,0.7064362468151102,-,0.9976668222118525,2427,0,0,2427,752,3179,654,0,Cumbria and North East STP
,RVW,NHS England North East And Yorkshire ,North Tees And Hartlepool NHS Foundation Trust,3737,0,10345,14082,-,-,-,-,-,-,-,-,-,-,-,-,1372,0,469,1841,1921,3762,238,6,Cumbria and North East STP
,RJL,NHS England North East And Yorkshire ,Northern Lincolnshire And Goole NHS Foundation Trust,12876,0,424,13300,8085,0,420,8505,4791,0,4,4795,0.6394736842105263,0.6279123951537745,-,0.9905660377358491,3550,0,0,3550,501,4051,1039,30,"Humber, Coast and Vale STP"
,RTF,NHS England North East And Yorkshire ,Northumbria Healthcare NHS Foundation Trust,8624,0,10450,19074,7227,0,10325,17552,1397,0,125,1522,0.9202055153612247,0.8380102040816326,-,0.9880382775119617,4952,0,30,4982,804,5786,0,0,Cumbria and North East STP
,RCU,NHS England North East And Yorkshire ,Sheffield Children's NHS Foundation Trust,5075,0,254,5329,4880,0,254,5134,195,0,0,195,0.9634077688121598,0.961576354679803,-,1,674,0,0,674,286,960,0,0,South Yorkshire and Bassetlaw STP
,RHQ,NHS England North East And Yorkshire ,Sheffield Teaching Hospitals NHS Foundation Trust,9756,765,8361,18882,4153,765,8255,13173,5603,0,106,5709,0.6976485541785827,0.4256867568675687,1,0.9873220906590121,3119,0,0,3119,2542,5661,949,2,South Yorkshire and Bassetlaw STP
,RTR,NHS England North East And Yorkshire ,South Tees Hospitals NHS Foundation Trust,9877,0,5081,14958,6581,0,5071,11652,3296,0,10,3306,0.7789811472121941,0.6662954338361851,-,0.9980318834875025,2294,0,131,2425,2129,4554,946,0,Cumbria and North East STP
,R0B,NHS England North East And Yorkshire ,South Tyneside And Sunderland NHS Foundation Trust,13339,1324,5808,20471,9275,1320,5762,16357,4064,4,46,4114,0.799032778076303,0.6953294849688882,0.9969788519637462,0.9920798898071626,4518,22,0,4540,1169,5709,260,0,Cumbria and North East STP
,RXG,NHS England North East And Yorkshire ,South West Yorkshire Partnership NHS Foundation Trust,0,0,0,0,0,0,0,0,0,0,0,0,-,-,-,-,0,0,0,0,142,142,0,0,West Yorkshire (Health & Care Partnership) STP
,RTD,NHS England North East And Yorkshire ,The Newcastle Upon Tyne Hospitals NHS Foundation Trust,11928,1381,6412,19721,9398,1297,6412,17107,2530,84,0,2614,0.8674509406216724,0.7878940308517773,0.939174511223751,1,3634,18,8,3660,2371,6031,169,0,Cumbria and North East STP
,RFR,NHS England North East And Yorkshire ,The Rotherham NHS Foundation Trust,8477,0,0,8477,-,-,-,-,-,-,-,-,-,-,-,-,2594,0,0,2594,487,3081,555,0,South Yorkshire and Bassetlaw STP
,NNF76,NHS England North East And Yorkshire ,The Wilberforce Health Centre,0,0,2535,2535,0,0,2535,2535,0,0,0,0,1,-,-,1,0,0,0,0,0,0,0,0,"Humber, Coast and Vale STP"
,AJN,NHS England North East And Yorkshire ,Workington Health Limited,0,0,499,499,0,0,499,499,0,0,0,0,1,-,-,1,0,0,0,0,0,0,0,0,Cumbria and North East STP
,RCB,NHS England North East And Yorkshire ,York And Scarborough Teaching Hospitals NHS Foundation Trust,10456,358,9062,19876,6179,358,8661,15198,4277,0,401,4678,0.764640772791306,0.5909525631216527,1,0.9557492827190466,4322,0,0,4322,1359,5681,844,43,"Humber, Coast and Vale STP"
,RBS,NHS England North West ,Alder Hey Children's NHS Foundation Trust,6091,0,0,6091,4147,0,0,4147,1944,0,0,1944,0.6808405844688885,0.6808405844688885,-,-,983,0,0,983,219,1202,0,0,Cheshire and Merseyside STP
,RXL,NHS England North West ,Blackpool Teaching Hospitals NHS Foundation Trust,7343,0,11674,19017,4096,0,11674,15770,3247,0,0,3247,0.8292580322869012,0.5578101593354214,-,1,2938,0,0,2938,747,3685,1298,13,Healthier Lancashire and South Cumbria
,RMC,NHS England North West ,Bolton NHS Foundation Trust,11380,0,1139,12519,7211,0,995,8206,4169,0,144,4313,0.6554836648294592,0.6336555360281195,-,0.8735733099209834,2361,0,49,2410,783,3193,591,53,Greater Manchester Health and Social Care Partnership (STP)
,RY2,NHS England North West ,Bridgewater Community Healthcare NHS Foundation Trust,0,0,5239,5239,0,0,5237,5237,0,0,2,2,0.9996182477572055,-,-,0.9996182477572055,0,0,0,0,0,0,0,0,Cheshire and Merseyside STP
,RJR,NHS England North West ,Countess Of Chester Hospital NHS Foundation Trust,7330,0,610,7940,4665,0,578,5243,2665,0,32,2697,0.6603274559193955,0.6364256480218281,-,0.9475409836065574,1771,0,0,1771,776,2547,278,0,Cheshire and Merseyside STP
,RJN,NHS England North West ,East Cheshire NHS Trust,4656,0,37,4693,2793,0,37,2830,1863,0,0,1863,0.6030257830811847,0.5998711340206185,-,1,984,0,0,984,156,1140,170,6,Cheshire and Merseyside STP
,RXR,NHS England North West ,East Lancashire Hospitals NHS Trust,11285,0,6634,17919,7420,0,5833,13253,3865,0,801,4666,0.739606004799375,0.6575099689853788,-,0.8792583659933675,4434,0,23,4457,846,5303,823,8,Healthier Lancashire and South Cumbria
,RXN,NHS England North West ,Lancashire Teaching Hospitals NHS Foundation Trust,7298,0,8728,16026,4385,0,8353,12738,2913,0,375,3288,0.7948333957319356,0.6008495478213209,-,0.9570348304307974,2481,0,427,2908,1160,4068,1954,45,Healthier Lancashire and South Cumbria
,RBQ,NHS England North West ,Liverpool Heart And Chest Hospital NHS Foundation Trust,0,0,0,0,0,0,0,0,0,0,0,0,-,-,-,-,0,0,0,0,202,202,0,0,Cheshire and Merseyside STP
,REM,NHS England North West ,Liverpool University Hospitals NHS Foundation Trust,18771,408,6104,25283,10149,408,6104,16661,8622,0,0,8622,0.6589803425226437,0.5406744446220233,1,1,5545,0,0,5545,1940,7485,2307,0,Cheshire and Merseyside STP
,REP,NHS England North West ,Liverpool Women's NHS Foundation Trust,0,1107,0,1107,0,1065,0,1065,0,42,0,42,0.962059620596206,-,0.962059620596206,-,0,95,0,95,19,114,0,0,Cheshire and Merseyside STP
,R0A,NHS England North West ,Manchester University NHS Foundation Trust,32045,2691,7357,42093,18847,2664,7050,28561,13198,27,307,13532,0.6785213693488228,0.5881416757684507,0.9899665551839465,0.9582710343890173,8591,32,5,8628,1469,10097,2512,6,Greater Manchester Health and Social Care Partnership (STP)
,RW4,NHS England North West ,Mersey Care NHS Foundation Trust,0,0,7818,7818,0,0,7793,7793,0,0,25,25,0.9968022512151445,-,-,0.9968022512151445,0,0,0,0,131,131,0,0,Cheshire and Merseyside STP
,RBT,NHS England North West ,Mid Cheshire Hospitals NHS Foundation Trust,7200,0,2361,9561,3997,0,2332,6329,3203,0,29,3232,0.6619600460202908,0.5551388888888888,-,0.987717069038543,2461,0,0,2461,990,3451,609,1,Cheshire and Merseyside STP
,Y02532,NHS England North West ,Miriam Minor Emergency,0,0,1671,1671,0,0,1671,1671,0,0,0,0,1,-,-,1,0,0,0,0,0,0,0,0,Cheshire and Merseyside STP
,RW6,NHS England North West ,Pennine Acute Hospitals NHS Trust,16752,0,4671,21423,10018,0,4265,14283,6734,0,406,7140,0.6667133454698222,0.598018147086915,-,0.913080710768572,4136,0,64,4200,1154,5354,1200,70,Greater Manchester Health and Social Care Partnership (STP)
,AC008,NHS England North West ,Rossendale Minor Injuries Unit,0,0,1065,1065,0,0,1063,1063,0,0,2,2,0.9981220657276996,-,-,0.9981220657276996,0,0,0,0,0,0,0,0,Healthier Lancashire and South Cumbria
,RM3,NHS England North West ,Salford Royal NHS Foundation Trust,9713,0,476,10189,5868,0,476,6344,3845,0,0,3845,0.622632250466189,0.6041387830742304,-,1,2499,0,0,2499,387,2886,867,1,Greater Manchester Health and Social Care Partnership (STP)
,NQT5F,NHS England North West ,Skelmersdale Walk In Centre,0,0,1390,1390,0,0,1379,1379,0,0,11,11,0.9920863309352518,-,-,0.9920863309352518,0,0,0,0,0,0,0,0,Healthier Lancashire and South Cumbria
,RVY,NHS England North West ,Southport And Ormskirk Hospital NHS Trust,8199,0,1982,10181,5874,0,1982,7856,2325,0,0,2325,0.7716334348295846,0.7164288327844859,-,1,2384,0,0,2384,126,2510,715,6,Cheshire and Merseyside STP
,RBN,NHS England North West ,St Helens And Knowsley Teaching Hospitals NHS Trust,10994,0,5877,16871,5600,0,5864,11464,5394,0,13,5407,0.6795092169995851,0.5093687465890486,-,0.9977879870682321,4099,0,0,4099,306,4405,547,0,Cheshire and Merseyside STP
,RWJ,NHS England North West ,Stockport NHS Foundation Trust,10434,0,0,10434,7064,0,0,7064,3370,0,0,3370,0.6770174429748897,0.6770174429748897,-,-,2935,0,0,2935,575,3510,603,0,Greater Manchester Health and Social Care Partnership (STP)
,RMP,NHS England North West ,Tameside And Glossop Integrated Care NHS Foundation Trust,8987,0,2143,11130,5531,0,2143,7674,3456,0,0,3456,0.6894878706199461,0.6154445309892066,-,1,2269,0,0,2269,403,2672,430,0,Greater Manchester Health and Social Care Partnership (STP)
,RBV,NHS England North West ,The Christie NHS Foundation Trust,0,0,0,0,0,0,0,0,0,0,0,0,-,-,-,-,0,0,0,0,529,529,0,0,Greater Manchester Health and Social Care Partnership (STP)
,RET,NHS England North West ,The Walton Centre NHS Foundation Trust,0,0,0,0,0,0,0,0,0,0,0,0,-,-,-,-,0,0,0,0,169,169,0,0,Cheshire and Merseyside STP
,RTX,NHS England North West ,University Hospitals Of Morecambe Bay NHS Foundation Trust,9285,0,3092,12377,7093,0,3026,10119,2192,0,66,2258,0.8175648380059788,0.7639203015616586,-,0.9786545924967659,2411,0,27,2438,937,3375,457,33,Healthier Lancashire and South Cumbria
,RWW,NHS England North West ,Warrington And Halton Teaching Hospitals NHS Foundation Trust,8287,0,2603,10890,5345,0,2565,7910,2942,0,38,2980,0.7263544536271809,0.6449861228430072,-,0.9854014598540146,2106,0,0,2106,225,2331,1305,0,Cheshire and Merseyside STP
,RY7,NHS England North West ,Wirral Community Health And Care NHS Foundation Trust,0,0,3299,3299,0,0,3290,3290,0,0,9,9,0.9972719005759321,-,-,0.9972719005759321,0,0,0,0,0,0,0,0,Cheshire and Merseyside STP
,RBL,NHS England North West ,Wirral University Teaching Hospital NHS Foundation Trust,8824,0,2724,11548,5164,0,2670,7834,3660,0,54,3714,0.6783858676827156,0.585222121486854,-,0.9801762114537445,2451,0,0,2451,1554,4005,475,1,Cheshire and Merseyside STP
,RRF,NHS England North West ,"Wrightington, Wigan And Leigh NHS Foundation Trust",9309,0,4902,14211,6558,0,4896,11454,2751,0,6,2757,0.8059953557103652,0.7044795359329681,-,0.9987760097919217,2838,0,0,2838,317,3155,579,28,Greater Manchester Health and Social Care Partnership (STP)
,RTK,NHS England South East ,Ashford And St Peter's Hospitals NHS Foundation Trust,10463,0,772,11235,7588,0,751,8339,2875,0,21,2896,0.7422340898976413,0.7252222116027908,-,0.9727979274611399,2198,0,0,2198,313,2511,307,6,Surrey Heartlands Health & Care Partnership (STP)
,NTV0B,NHS England South East ,Ashford Walk-In-Centre,0,0,3237,3237,0,0,3202,3202,0,0,35,35,0.9891875193080012,-,-,0.9891875193080012,0,0,0,0,0,0,0,0,Surrey Heartlands Health & Care Partnership (STP)
,NQT10,NHS England South East ,Assura Reading Llp,0,0,0,0,0,0,0,0,0,0,0,0,-,-,-,-,0,0,0,0,0,0,0,0,"Buckinghamshire, Oxfordshire and Berkshire West STP"
,RWX,NHS England South East ,Berkshire Healthcare NHS Foundation Trust,0,0,1672,1672,0,0,1653,1653,0,0,19,19,0.9886363636363636,-,-,0.9886363636363636,0,0,46,46,0,46,0,0,"Buckinghamshire, Oxfordshire and Berkshire West STP"
,Y04538,NHS England South East ,Bracknell Urgent Care Centre Wic,0,0,1270,1270,0,0,1270,1270,0,0,0,0,1,-,-,1,0,0,0,0,0,0,0,0,Frimley Health & Care Ics (STP)
,Y02676,NHS England South East ,Brighton Station Health Centre,0,0,1196,1196,0,0,1196,1196,0,0,0,0,1,-,-,1,0,0,0,0,0,0,0,0,Sussex Health and Care Partnership STP
,RXQ,NHS England South East ,Buckinghamshire Healthcare NHS Trust,8566,1153,2900,12619,5455,1153,2877,9485,3111,0,23,3134,0.7516443458277201,0.6368199859911278,1,0.9920689655172413,3803,851,0,4654,728,5382,463,0,"Buckinghamshire, Oxfordshire and Berkshire West STP"
,RN7,NHS England South East ,Dartford And Gravesham NHS Trust,11227,0,1993,13220,9526,0,1989,11515,1701,0,4,1705,0.8710287443267776,0.8484902467266411,-,0.9979929754139488,2953,0,0,2953,366,3319,167,0,Kent and Medway STP
,Y00751,NHS England South East ,East Berks Primary Care Ooh(Wam),0,0,0,0,0,0,0,0,0,0,0,0,-,-,-,-,0,0,0,0,0,0,0,0,Frimley Health & Care Ics (STP)
,RVV,NHS England South East ,East Kent Hospitals University NHS Foundation Trust,18575,0,4367,22942,12587,0,4355,16942,5988,0,12,6000,0.7384709266846831,0.6776312247644684,-,0.9972521181589191,5210,0,493,5703,1362,7065,1460,4,Kent and Medway STP
,RXC,NHS England South East ,East Sussex Healthcare NHS Trust,10524,0,2997,13521,8361,0,2997,11358,2163,0,0,2163,0.8400266252496117,0.7944697833523375,-,1,3770,0,0,3770,573,4343,189,0,Sussex Health and Care Partnership STP
,Y02816,NHS England South East ,Eastbourne Station Health Centre,0,0,409,409,0,0,409,409,0,0,0,0,1,-,-,1,0,0,0,0,0,0,0,0,Sussex Health and Care Partnership STP
,NDJ,NHS England South East ,First Community Health And Care Cic,0,0,1479,1479,0,0,1479,1479,0,0,0,0,1,-,-,1,0,0,0,0,0,0,0,0,Sussex Health and Care Partnership STP
,RDU,NHS England South East ,Frimley Health NHS Foundation Trust,23184,0,0,23184,-,-,-,-,-,-,-,-,-,-,-,-,5349,0,0,5349,1056,6405,265,0,Frimley Health & Care Ics (STP)
,RN5,NHS England South East ,Hampshire Hospitals NHS Foundation Trust,11647,0,373,12020,8999,0,373,9372,2648,0,0,2648,0.7797004991680533,0.7726453163904868,-,1,3830,0,0,3830,1119,4949,304,0,Hampshire and The Isle of Wight STP
,NDA57,NHS England South East ,Haslemere Minor Injuries Unit,0,0,793,793,0,0,788,788,0,0,5,5,0.9936948297604036,-,-,0.9936948297604036,0,0,0,0,1,1,0,0,Surrey Heartlands Health & Care Partnership (STP)
,Y03051,NHS England South East ,Hastings Med P & Walkin,0,0,1056,1056,0,0,1056,1056,0,0,0,0,1,-,-,1,0,0,0,0,0,0,0,0,Sussex Health and Care Partnership STP
,R1F,NHS England South East ,Isle Of Wight NHS Trust,3421,0,2511,5932,2733,0,2511,5244,688,0,0,688,0.8840188806473365,0.7988892136802105,-,1,1151,0,0,1151,245,1396,251,0,Hampshire and The Isle of Wight STP
,RYY,NHS England South East ,Kent Community Health NHS Foundation Trust,0,0,5841,5841,0,0,5807,5807,0,0,34,34,0.9941790789248416,-,-,0.9941790789248416,0,0,0,0,0,0,0,0,Kent and Medway STP
,RWF,NHS England South East ,Maidstone And Tunbridge Wells NHS Trust,14470,0,2014,16484,10778,0,2011,12789,3692,0,3,3695,0.7758432419315701,0.744851416724257,-,0.9985104270109235,4313,0,0,4313,691,5004,384,0,Kent and Medway STP
,RPA,NHS England South East ,Medway NHS Foundation Trust,8303,0,3537,11840,5533,0,2879,8412,2770,0,658,3428,0.710472972972973,0.6663856437432253,-,0.8139666383941193,2558,0,0,2558,1260,3818,525,3,Kent and Medway STP
,RNU,NHS England South East ,Oxford Health NHS Foundation Trust,0,0,4021,4021,0,0,3652,3652,0,0,369,369,0.9082317831385227,-,-,0.9082317831385227,0,0,0,0,0,0,0,0,"Buckinghamshire, Oxfordshire and Berkshire West STP"
,RTH,NHS England South East ,Oxford University Hospitals NHS Foundation Trust,13166,1550,492,15208,9285,1550,490,11325,3881,0,2,3883,0.7446738558653341,0.7052255810420781,1,0.9959349593495935,3603,110,11,3724,3799,7523,703,0,"Buckinghamshire, Oxfordshire and Berkshire West STP"
,AQN04,NHS England South East ,Phl Lymington Utc,0,0,2426,2426,0,0,2328,2328,0,0,98,98,0.9596042868920033,-,-,0.9596042868920033,0,0,0,0,0,0,0,0,Hampshire and The Isle of Wight STP
,RHU,NHS England South East ,Portsmouth Hospitals University National Health Service Trust,9996,630,3377,14003,-,-,-,-,-,-,-,-,-,-,-,-,3842,0,48,3890,1608,5498,834,0,Hampshire and The Isle of Wight STP
,NTP11,NHS England South East ,Practice Plus Group Hospital - Southampton,0,0,4795,4795,0,0,4789,4789,0,0,6,6,0.9987486965589155,-,-,0.9987486965589155,0,0,0,0,0,0,0,0,Hampshire and The Isle of Wight STP
,NTPAD,NHS England South East ,Practice Plus Group Surgical Centre - St Marys Portsmouth,0,0,5313,5313,0,0,4521,4521,0,0,792,792,0.8509316770186336,-,-,0.8509316770186336,0,0,0,0,0,0,0,0,Hampshire and The Isle of Wight STP
,RPC,NHS England South East ,Queen Victoria Hospital NHS Foundation Trust,0,0,971,971,0,0,970,970,0,0,1,1,0.9989701338825953,-,-,0.9989701338825953,0,0,4,4,557,561,0,0,Sussex Health and Care Partnership STP
,RHW,NHS England South East ,Royal Berkshire NHS Foundation Trust,12127,2077,0,14204,9311,2059,0,11370,2816,18,0,2834,0.8004787383835539,0.7677908798548693,0.9913336543090997,-,2793,3,0,2796,873,3669,213,0,"Buckinghamshire, Oxfordshire and Berkshire West STP"
,RA2,NHS England South East ,Royal Surrey County Hospital NHS Foundation Trust,6828,0,14,6842,4903,0,14,4917,1925,0,0,1925,0.7186495176848875,0.7180726420620972,-,1,2577,0,2,2579,555,3134,26,0,Surrey Heartlands Health & Care Partnership (STP)
,RW1,NHS England South East ,Southern Health NHS Foundation Trust,0,0,1567,1567,0,0,1512,1512,0,0,55,55,0.9649010848755584,-,-,0.9649010848755584,0,0,5,5,146,151,0,0,Hampshire and The Isle of Wight STP
,RTP,NHS England South East ,Surrey And Sussex Healthcare NHS Trust,10386,0,977,11363,9318,0,977,10295,1068,0,0,1068,0.9060107366012496,0.8971692663200462,-,1,2610,0,0,2610,437,3047,423,0,Surrey Heartlands Health & Care Partnership (STP)
,RDR,NHS England South East ,Sussex Community NHS Foundation Trust,0,0,11446,11446,0,0,11412,11412,0,0,34,34,0.9970295299668006,-,-,0.9970295299668006,0,0,1,1,0,1,0,0,Sussex Health and Care Partnership STP
,RHM,NHS England South East ,University Hospital Southampton NHS Foundation Trust,11722,1266,0,12988,9193,1172,0,10365,2529,94,0,2623,0.7980443486295041,0.7842518341579935,0.9257503949447078,-,3516,11,0,3527,1483,5010,73,1,Hampshire and The Isle of Wight STP
,RYR,NHS England South East ,University Hospitals Sussex NHS Foundation Trust,20840,1587,8739,31166,14786,1580,7274,23640,6054,7,1465,7526,0.7585188987999744,0.7095009596928983,0.9955891619407687,0.8323606820002288,7065,38,618,7721,1406,9127,1138,24,Sussex Health and Care Partnership STP
,G82071,NHS England South East ,Whitstable Medical Practice,0,0,3750,3750,0,0,3750,3750,0,0,0,0,1,-,-,1,0,0,0,0,0,0,0,0,Kent and Medway STP
,NTV0W,NHS England South East ,Woking Walk In Centre,0,0,3086,3086,0,0,2961,2961,0,0,125,125,0.9594944912508101,-,-,0.9594944912508101,0,0,0,0,0,0,0,0,Surrey Heartlands Health & Care Partnership (STP)
,RJ8,NHS England South West ,Cornwall Partnership NHS Foundation Trust,0,0,0,0,0,0,0,0,0,0,0,0,-,-,-,-,0,0,48,48,105,153,0,0,Cornwall and The Isles of Scilly Health & Social Care Partnership (STP)
,RBD,NHS England South West ,Dorset County Hospital NHS Foundation Trust,4427,0,2488,6915,2828,0,2488,5316,1599,0,0,1599,0.768763557483731,0.6388073187259995,-,1,1575,0,0,1575,378,1953,80,0,Dorset STP
,RDY,NHS England South West ,Dorset Healthcare University NHS Foundation Trust,0,0,0,0,0,0,0,0,0,0,0,0,-,-,-,-,0,0,2,2,5,7,0,0,Dorset STP
,DD401,NHS England South West ,Exmouth Minor Injury Unit,0,0,1311,1311,0,0,1311,1311,0,0,0,0,1,-,-,1,0,0,0,0,0,0,0,0,Devon STP
,RTQ,NHS England South West ,Gloucestershire Health And Care NHS Foundation Trust,0,0,5272,5272,0,0,5243,5243,0,0,29,29,0.9944992412746586,-,-,0.9944992412746586,0,0,0,0,9,9,29,0,Gloucestershire STP
,RTE,NHS England South West ,Gloucestershire Hospitals NHS Foundation Trust,13484,0,0,13484,8437,0,0,8437,5047,0,0,5047,0.6257045387125482,0.6257045387125482,-,-,4272,0,0,4272,1128,5400,1384,11,Gloucestershire STP
,RN3,NHS England South West ,Great Western Hospitals NHS Foundation Trust,5796,0,4810,10606,3323,0,4297,7620,2473,0,513,2986,0.7184612483499906,0.5733264320220842,-,0.8933471933471934,2416,0,0,2416,1422,3838,451,0,"Bath and North East Somerset, Swindon and Wiltshire STP"
,RVJ,NHS England South West ,North Bristol NHS Trust,8561,0,0,8561,4654,0,0,4654,3907,0,0,3907,0.5436280808316786,0.5436280808316786,-,-,2994,0,0,2994,1577,4571,880,97,"Bristol, North Somerset and South Gloucestershire STP"
,RBZ,NHS England South West ,Northern Devon Healthcare NHS Trust,5457,0,0,5457,4259,0,0,4259,1198,0,0,1198,0.7804654572109218,0.7804654572109218,-,-,1310,0,0,1310,555,1865,207,0,Devon STP
,L83087,NHS England South West ,Okehampton Medical Centre,0,0,126,126,0,0,126,126,0,0,0,0,1,-,-,1,0,0,0,0,0,0,0,0,Devon STP
,NQT5H,NHS England South West ,Paulton Memorial Hospital,0,0,606,606,0,0,604,604,0,0,2,2,0.9966996699669967,-,-,0.9966996699669967,0,0,0,0,0,0,0,0,"Bath and North East Somerset, Swindon and Wiltshire STP"
,REF,NHS England South West ,Royal Cornwall Hospitals NHS Trust,6597,0,11662,18259,3217,0,11196,14413,3380,0,466,3846,0.7893641491867025,0.4876458996513567,-,0.9600411593208712,2285,0,24,2309,983,3292,1042,103,Cornwall and The Isles of Scilly Health & Social Care Partnership (STP)
,RH8,NHS England South West ,Royal Devon And Exeter NHS Foundation Trust,8325,0,3155,11480,5710,0,3148,8858,2615,0,7,2622,0.771602787456446,0.6858858858858858,-,0.9977812995245642,2292,0,0,2292,1661,3953,337,6,Devon STP
,RD1,NHS England South West ,Royal United Hospitals Bath NHS Foundation Trust,7140,0,854,7994,4823,0,822,5645,2317,0,32,2349,0.7061546159619715,0.6754901960784314,-,0.9625292740046838,2319,0,7,2326,1568,3894,216,0,"Bath and North East Somerset, Swindon and Wiltshire STP"
,RNZ,NHS England South West ,Salisbury NHS Foundation Trust,4885,274,1414,6573,3740,274,1414,5428,1145,0,0,1145,0.8258025254830367,0.7656090071647902,1,1,1269,0,0,1269,749,2018,129,0,"Bath and North East Somerset, Swindon and Wiltshire STP"
,NLX,NHS England South West ,Sirona Care & Health,0,0,9449,9449,0,0,9367,9367,0,0,82,82,0.9913218329982009,-,-,0.9913218329982009,0,0,0,0,0,0,0,0,"Bristol, North Somerset and South Gloucestershire STP"
,RH5,NHS England South West ,Somerset NHS Foundation Trust,7340,0,9300,16640,4886,0,9102,13988,2454,0,198,2652,0.840625,0.6656675749318801,-,0.9787096774193549,1936,0,0,1936,1101,3037,124,0,Somerset STP
,RYF,NHS England South West ,South Western Ambulance Service NHS Foundation Trust,0,0,1344,1344,0,0,1340,1340,0,0,4,4,0.9970238095238095,-,-,0.9970238095238095,0,0,0,0,0,0,0,0,Devon STP
,AAH,NHS England South West ,Tetbury Hospital Trust Ltd,0,0,203,203,0,0,203,203,0,0,0,0,1,-,-,1,0,0,0,0,0,0,0,0,Gloucestershire STP
,RA9,NHS England South West ,Torbay And South Devon NHS Foundation Trust,6095,0,3440,9535,3105,0,3440,6545,2990,0,0,2990,0.686418458311484,0.5094339622641509,-,1,2145,0,0,2145,1140,3285,767,157,Devon STP
,RA7,NHS England South West ,University Hospitals Bristol And Weston NHS Foundation Trust,14926,1834,0,16760,9426,1798,0,11224,5500,36,0,5536,0.669689737470167,0.6315154763499933,0.9803707742639041,-,3952,11,0,3963,660,4623,1588,255,"Bristol, North Somerset and South Gloucestershire STP"
,R0D,NHS England South West ,University Hospitals Dorset NHS Foundation Trust,14587,1163,1484,17234,-,-,-,-,-,-,-,-,-,-,-,-,4364,7,0,4371,2131,6502,417,0,Dorset STP
,RK9,NHS England South West ,University Hospitals Plymouth NHS Trust,8950,132,3595,12677,-,-,-,-,-,-,-,-,-,-,-,-,2678,0,933,3611,0,3611,433,79,Devon STP
,AXG,NHS England South West ,Wiltshire Health & Care,0,0,1494,1494,0,0,1487,1487,0,0,7,7,0.9953145917001339,-,-,0.9953145917001339,0,0,0,0,0,0,0,0,"Bath and North East Somerset, Swindon and Wiltshire STP"
,RA4,NHS England South West ,Yeovil District Hospital NHS Foundation Trust,5224,0,0,5224,4748,0,0,4748,476,0,0,476,0.9088820826952527,0.9088820826952527,-,-,1895,0,0,1895,258,2153,16,0,Somerset STP
,,,,,,,,,,,,,,,,,,,,,,,,,,,,
,,,,,,,,,,,,,,,,,,,,,,,,,,,,
,,,,,,,,,,,,,,,,,,,,,,,,,,,,
,,,,,,,,,,,,,,,,,,,,,,,,,,,,
,,,,,,,,,,,,,,,,,,,,,,,,,,,,
,,,,,,,,,,,,,,,,,,,,,,,,,,,,
,,,,,,,,,,,,,,,,,,,,,,,,,,,,
,,,,,,,,,,,,,,,,,,,,,,,,,,,,
,,,,,,,,,,,,,,,,,,,,,,,,,,,,
,,,,,,,,,,,,,,,,,,,,,,,,,,,,
,,,,,,,,,,,,,,,,,,,,,,,,,,,,
,,,,,,,,,,,,,,,,,,,,,,,,,,,,
,,,,,,,,,,,,,,,,,,,,,,,,,,,,
,,,,,,,,,,,,,,,,,,,,,,,,,,,,
,,,,,,,,,,,,,,,,,,,,,,,,,,,,
,,,,,,,,,,,,,,,,,,,,,,,,,,,,
,,,,,,,,,,,,,,,,,,,,,,,,,,,,
,,,,,,,,,,,,,,,,,,,,,,,,,,,,
,,,,,,,,,,,,,,,,,,,,,,,,,,,,
,,,,,,,,,,,,,,,,,,,,,,,,,,,,
,,,,,,,,,,,,,,,,,,,,,,,,,,,,
,,,,,,,,,,,,,,,,,,,,,,,,,,,,
,,,,,,,,,,,,,,,,,,,,,,,,,,,,
,,,,,,,,,,,,,,,,,,,,,,,,,,,,
,,,,,,,,,,,,,,,,,,,,,,,,,,,,
,,,,,,,,,,,,,,,,,,,,,,,,,,,,
,,,,,,,,,,,,,,,,,,,,,,,,,,,,
,,,,,,,,,,,,,,,,,,,,,,,,,,,,
,,,,,,,,,,,,,,,,,,,,,,,,,,,,
,,,,,,,,,,,,,,,,,,,,,,,,,,,,
,,,,,,,,,,,,,,,,,,,,,,,,,,,,
